question,category,level ,answer,
What is the punishment for my kid if the smoke?,Facility & Operation,Secondary,Students can be expelled from school if they cross school regulation and law in Indonesia.,
Who is responsible for providing constant accompaniment to Early Years and Primary students throughout Binus day?,Teaching Quality,EYP,The Class Teacher (CT) and Co-Teacher (CoT) are responsible for accompanying the students at all times during school hours,
How does Binus utilize digital platforms and physical diaries to keep parents informed about Primary student assignments?,Teaching Quality,EYP,Parents use LMS to follow up on student assignments and monitor daily progress through a physical school diary,
How does Binus support EY1 students who are not yet fully independent with using the toilet?,Students Well-Being,EYP, The EY1 level includes toilet training with the goal of helping students become independent and able to express their personal needs,
How does Binus handle language exposure at this age?,Curriculum & Academic,School Wide,"In EY1, the focus is on listening and comprehension of simple English; as students progress, they are encouraged to speak it daily. Mandarin is also introduced through basic stages like greetings and colors.",
How to pick up my kids?,Facility & Operation,EYP,"During dismissal, parents need to wait outside gate B or C to pick up their kids.",
How do teachers build warm relationships with students?,Teaching Quality,School Wide,"Warm relationships are fostered by the constant presence of Class Teachers and Co-Teachers, who stay with their students throughout the entire school day",
What values does Binus prioritize in shaping students’ behavior and mindset?,Vision & Values,School Wide,"Binus prioritizes self-management, social skills, and socio-emotional development. The curriculum explicitly includes character building as a core pillar to prepare students for leadership and life beyond exams.",
How is cooperation encouraged over comparison?,Vision & Values,School Wide,The curriculum focuses on developing social skills and fostering well-being rather than competitive rankings at this early age.,
Are key documents and communications available in English or other languages?,Vision & Values,School Wide,"Most key documents, including Binus handbooks and Frequently Asked Questions, are available in English.",
How does Binus ensure teachers are role models?,Teaching Quality,School Wide,The academic calendar includes dedicated Professional Development Days for teachers throughout the year.,
How do teachers communicate daily progress to parents?,Teaching Quality,School Wide,"Each class has class parent representative to communicate about what happen in the class, parents and teacher also can communicate via email or Microsoft Teams chat",
"How are hygiene, cleanliness, and toileting handled?",Facility & Operation,EYP,"We are collaborating with ISS, the facility management company who ensure the cleanliness our building",
What extracurricular activities are offered at primary level?,Facility & Operation,School Wide,"Binus offers a wide variety of clubs and electives including Robotics, Swimming, Basketball, Soccer, Guitar, Coding (starting Grade 4), and Traditional Dance.",
How does Binus prevent bullying and harassment?,Students Well-Being,School Wide,"Binus integrates ROOTS Programme, Socio-Emotional Learning (SEL), Values Education, and Character Building across its curriculum to foster a positive environment. Additionally, for Primary students, Class Teachers (CT) and Co-Teachers (CoT) accompany the students at all times.",
Can my kid play at school after dismissal?,Facility & Operation,EYP,"After dismissal time, students are encourage to directly going home rather than strolling around school premises.",
What does a typical daily timetable look like for EY1?,Curriculum & Academic,EYP,"The day is divided into morning sessions, a designated recess period, and mid-day lessons from 8.30 to 11.50.",
"How does Binus prepare students not just for exams, but for life and leadership?",Vision & Values,Secondary,Students are prepared for life through Industry-Based Learning experiences and a curriculum that emphasizes 21st-century skills such as research and critical thinking. Leadership is cultivated through Primary Student Council workshops and participation in international leadership summits in Secondary years.,
How does Binus help parents understand local education pathways?,Curriculum & Academic,School Wide,"Binus offers a dual curriculum approach, integrating the National Curriculum (Merdeka) alongside Cambridge standards. Counselors provide guidance on local paths, including direct university entry.",
What if my kid lose something?,Facility & Operation,School Wide,Students are encourage to be responsible and keep save their own belonging.,
When students need to wake up everyday?,Facility & Operation,School Wide,"Secondary students timetable start at 7.10, while primary start at 7.45, and EY start at 8.30, students can adjust their wake up time with their home distant to school.",
How does Binus build ethical leadership and integrity?,Vision & Values,Secondary,"Ethical leadership is built into the core curriculum through a persistent focus on Socio-Emotional Learning (SEL), Values Education, and Character Building at all levels. Leadership skills are further cultivated through Primary Student Council workshops and participation in high-level summits such as the International Young Leaders Summit (IYLS) and the Asia-Pacific Young Leaders Summit.",
Is shalat (prayer) performed during school hours? How is it supervised?,Vision & Values,School Wide,"Yes, Binus has a Mushola facility for prayers. Specific sessions like ""Shalat Yuk!"" and ""Shalat Class"" are offered as electives and supervised by a dedicated Shalat Class Team or facilitators.",
"How are students assessed—tests, projects, observations?",Curriculum & Academic,Secondary,"Students undergo continual assessments, which specifically include performance tests and quizzes. At specific milestones, they may take the Cambridge Primary Checkpoint (Grade 6) or Cambridge AS & A Level Examinations (Grade 12). Additionally, students lead their own progress reviews through Student Led Conferences",
What are the stream available for my kids in secondary level?,Curriculum & Academic,Secondary,"There are four major streams available, AP A, AP B, AP C, and AP D stream.",
What is AP B stream?,Curriculum & Academic,Secondary,"AP B (Life Sciences & Business) stream. This stream balances laboratory sciences with an introduction to commercial studies. Stream Core Subjects: Chemistry, Biology, and Business. Syllabus Level: All three core subjects follow the IGCSE and AS Level syllabi.",
Tell me about the International Young Leaders Summit.,Curriculum & Academic,Secondary,"The International Young Leaders Summit (IYLS) is a key experiential learning opportunity for Secondary students, aligning with the school's curriculum focus on Current Affairs and International Issues.",
Are leadership programs available for students?,Curriculum & Academic,Secondary,"Yes, leadership is cultivated through the Student Council, Primary Student Council workshops, and participation in international summits like the International Young Leaders Summit (IYLS) and the Asia-Pacific Young Leaders Summit.",
What commitments does Binus expect from parents?,Teaching Quality,School Wide,"Parents are expected to monitor student progress through a school diary and access MS Teams to follow up on assignments. For young children, Binus expects communication and collaboration during the adaptation period. Parents also coordinate among themselves for catering/lunch arrangements.",
How does Binus support toddlers experiencing major environmental change?,Students Well-Being,EYP,The EY1 level is specifically designed to focus on socialization and readiness for Binus routine. Class sizes are capped at 24 students to ensure personalized attention.,
"What is Binus’s vision and mission, and how are these reflected in daily practice?",Vision & Values,School Wide,"The overarching theme is ""Fostering and Empowering Society in Building and Serving the Nation"". This is reflected in daily practice through a strong focus on character building and preparing students with 21st-century skills like critical thinking and research",
Can my child drive her/his own vehicle to school?,Facility & Operation,Secondary,Students are not allowed to drive by themselves to school although they have the license.,
How do children learn responsibility naturally?,Vision & Values,School Wide,"Children learn responsibility through a curriculum focus on self-management skills. In the Early Years, independence is encouraged naturally through routines like toilet training, where students are expected to become independent and express their needs.",
How my kid take a shower after Swimming Lesson?,Facility & Operation,EYP,There will teacher and helper to help EY students taking a shower after swimming lesson.,
What is AP D stream?,Curriculum & Academic,Secondary,"AP D (Commerce & Economics) stream. This stream is tailored for students interested in finance, accounting, and economic theory. Stream Core Subjects: Business, Accountings, and Economics. Syllabus Level: All core subjects in this stream follow the IGCSE and AS Level syllabi.",
What is the indoor discovery area for younger students?,Facility & Operation,EYP,"Like the outdoor version provided for Early Years students (which includes tools for sensory play and exploration), the indoor discovery area provides a controlled environment for children to develop social and self-management skills through hands-on activities.",
What subject in grade 10?,Curriculum & Academic,Secondary,"all Grade 10 students take the following subjects: Chinese Language, ICT, Music, Visual Arts, Physical Education,  PABP (Religion) and PPKN (Civics), Bahasa Indonesia (KN), English Language (IGCSE-EFL), and Mathematics (IGCSE)",
How does Binus ensure smooth developmental transitions year to year?,Curriculum & Academic,School Wide,"Transitions are supported through specific programs: EY1 serves as a transition period to introduce routines, socialization, and school readiness. For older students, Binus conducts Transition Programmes for Grades 7 and 10, as well as a Transition Camp specifically for Grade 6.",
"How does Binus ensure consistency of values across Early Years, Primary, and Secondary levels?",Teaching Quality,School Wide,"Consistency is maintained by making Socio-Emotional Learning and Character Building core curriculum pillars from EY through Grade 12. Additionally, subjects like Agama (Religion) and Pendidikan Pancasila are taught consistently across all three levels to reinforce shared values.",
How do teachers help children develop early self-regulation?,Teaching Quality,School Wide,"Teachers help develop self-management skills as a primary curriculum focus. This includes practical independence milestones, such as toilet training in EY1, where students are encouraged to express their needs and become more independent.",
How does Binus ensure our children do not feel isolated as newcomers?,Students Well-Being,EYP,The Early Childhood curriculum explicitly focuses on developing social skills. Guidance Counselors and teachers are available to assist with the settling-in process.,
What religion lessons in BINUS?,Curriculum & Academic,School Wide,"In Binus we have Islamic studies, Buddhism, Catholicism, Christianity, and Hinduism.",
How does Binus teach responsible use of technology and media?,Curriculum & Academic,School Wide,"Binus includes ICT (Information and Communication Technology) as a core subject in the Lower Secondary curriculum. Furthermore, the Upper Secondary curriculum places a strong emphasis on current affairs and international issues, which involves engaging with various media sources.",
What language support is available for students who are still adapting?,Curriculum & Academic,School Wide,"For students who find Bahasa Indonesia or study habits challenging, Binus may suggest taking extra courses. In EY1, children are initially expected only to ""listen and understand"" instructions rather than speak fluently.",
What safety measures are in place for toddlers?,Facility & Operation,EYP,Toddlers are protected by the constant supervision of Class Teachers and Co-Teachers who stay with them throughout the day. ,
How does Binus prepare students for adult responsibility?,Curriculum & Academic,Secondary,"Students are prepared for adulthood through leadership workshops, community service through the Student Council, and a curriculum designed to give them a competitive edge in the global job market.",
How do children learn to respect differences?,Vision & Values,School Wide,"Respect for differences is fostered through a curriculum that prioritises Socio-Emotional Learning, SPIRIT Values, and Character Building at all levels. Students in Primary years are taught an awareness and appreciation of local language and culture, while religion education (PABP) for five religions begins as early as EY1. Secondary students build on this foundation through a strong emphasis on current affairs and international issues.",
Is there science lab for primary students?,Facility & Operation,EYP,There is science lab for primary students. They use the lab during science lesson.,
"My kids is twin, can they be separated?",Facility & Operation,School Wide,Twins students can be separated however it depends on how many classes in the level she/he enrolled to.,
What accreditations or certifications does Binus hold (national/international)?,Vision & Values,School Wide,Binus is a Cambridge International School. Accreditated B as Nasional.,
How do teachers encourage effort without forcing competition?,Teaching Quality,School Wide,"While students are recognized for achievements, such as in the TOPAZ Olympiad, the broader curriculum focus remains on Values Education, Character Building, and Socio-Emotional Learning to encourage personal growth.",
What curriculum is used at the primary level?,Curriculum & Academic,EYP,"The Primary level uses the Cambridge International Curriculum and the Kurikulum Merdeka. Students can also take the Cambridge Primary Checkpoint in Grade 6 to assess their standing in English, Math, and Science.",
Bagaimana cara BINUS mengajarkan fokus pada anak kecil mengingat saat ini konsentrasi anak mudah terganggu?,Curriculum & Academic,EYP,Focus is built through daily Circle Time and scheduled CARE Sessions.,
How does Binus respect different spiritual or philosophical backgrounds?,Vision & Values,School Wide,"Binus respects diversity by offering PABP (Religious Education) subjects for five different religions: Islam, Catholicism, Christianity, Buddhism, and Hinduism. Binus community collectively celebrates religious milestones, including Christmas, Kathina Puja, Ramadan (Buka Puasa Bersama), and Hari Raya Galungan.",
"How do you build trust between school, child, and parents?",Teaching Quality,School Wide,"Trust is established through trial classes observed by psychologists to ensure a child's readiness before enrollment. Binus further strengthens this bond by involving parents in Student Led Conferences, providing transparency through continual assessments, and encouraging parents to monitor school diaries and MS Teams",
Is there any extra lesson for student who to study overseas?,Curriculum & Academic,Secondary,"For students specifically interested in studying abroad, teachers provide extra classes to help them prepare specifically for the Cambridge A-Level Exam",
Can my kid use white color shoes?,Facility & Operation,EYP,"Black shoes is part of school uniform, students may wear color sport shoes during PE and change to black after that.",
Are meals/snacks provided? Are they halal?,Facility & Operation,School Wide,"Cafeteria provides halal meals for students to be purchased, however for EYP students, we encourage them to bring it from home",
How does Binus support identity development during early adolescence?,Students Well-Being,Secondary,"The secondary curriculum explicitly focuses on Socio-Emotional Learning (SEL), Values Education, and Character Building. Students also participate in global platforms like the International Young Leaders Summit (IYLS) and the Asia-Pacific Young Leaders Summit, which encourage them to develop their leadership identity.",
What specific subjects are included in the Cambridge Primary Checkpoint examinations for Grade 6 students?,Curriculum & Academic,EYP,"The Grade 6 Checkpoint exams include Mathematics, English Language, and Science",
How does Binus help children adjust to a new culture and social norms?,Students Well-Being,EYP,The curriculum includes Awareness and Appreciation of Local Language & Culture. Cultural appreciation is also fostered through activities like National Culture Week (Pekan Budaya Nusantara) and celebrations of various religious holidays.,
How does Binus ensure continuity when students move between levels?,Teaching Quality,School Wide,"Continuity is managed through a 6-year direct programme for Secondary students and specific transition initiatives, including the Grade 7 and 10 Transition Programme and the Grade 6 Transition Camp.",
Is students learning python?,Curriculum & Academic,Secondary,Secondary students learning python in IDP Lesson.,
How do you prepare children for future stages without rushing them?,Curriculum & Academic,School Wide,"Binus uses transitional levels, such as EY1, to focus on socialisation and routine readiness before students enter more formal kindergarten classes. Readiness is prioritised; if a child is not yet prepared for a higher level, Binus may recommend staying in a lower level after a trial class assessment. o prepare Primary students for Secondary, Binus uses the Cambridge Checkpoint to assess where they are currently, ensuring a smooth transition based on their actual standing.",
How is attachment built between teachers and children?,Students Well-Being,EYP,Teachers and Co-Teachers (CT and CoT) accompany students all the time during school hours to provide constant support.,
How are Islamic values maintained as students become more independent?,Vision & Values,Secondary,"islamic Values: These are maintained through Agama (Religion) education, which is mandatory from EY1 through Grade 12. Additionally, Binus provides specific Islamic electives such as ""Ngaji Yuk!"" and ""Shalat Class"" to reinforce religious practices.",
How does Binus communicate with parents about behavioral or academic concerns?,Teaching Quality,School Wide,"Communication occurs through Binus diary, MS Teams, regular newsletters, and formal Parent Teacher Conferences.",
Are there academic counselors for subject and career guidance?,Students Well-Being,Secondary,"Yes, Guidance Counselors provide specific direction on university majors and the necessary preparations for both local and international higher education.",
How are teacher–student relationships nurtured over time?,Teaching Quality,School Wide,"Relationships are nurtured through CARE sessions with Form Teachers and daily interaction, as Class Teachers (CT) and Co-Teachers (CoT) accompany students throughout the day in younger years.",
How is physical safety ensured without creating fear?,Facility & Operation,School Wide,"Safety is maintained through orderly infrastructure such as sheltered walkways and ramp access, as well as teacher supervision. ",
Are there additional fees for elective activities?,Facility & Operation,School Wide,"There are additional fees for elective activities, which are typically structured as a yearly cost for 16 sessions. While most electives have a standard fee, certain activities have higher costs or require extra payments for materials and equipment.",
"Are children allowed to learn through play, art, and exploration?",Curriculum & Academic,EYP,"Yes, Binus provides an Indoor & Outdoor Discovery Area and specific rooms for Visual Arts and Music to facilitate exploration",
What are the developmental goals and focuses for children enrolled specifically in the EY1 level?,Curriculum & Academic,EYP,"The focus for EY1 is on socialization, introducing routines, behavior, motor skills, and school readiness. It also aims to habituate children to communicating in English",
When is elective for Upper Secondary students?,Curriculum & Academic,Secondary,Secondary (Grades 11–12): Electives are held on Wednesdays (15:00–16:30) and Clubs on Thursdays (15:10–16:10),
How does Binus introduce social interaction gently at this age?,Students Well-Being,EYP,"Social interaction is introduced through daily ""Circle Time"" and a curriculum focus on developing social skills. EY1 specifically serves as a moments for socialization and readiness before higher kindergarten levels.",
How does Binus support students applying to universities (local or overseas)?,Curriculum & Academic,Secondary,Guidance Counselors assist students in selecting majors and navigating both local and international application pathways. Binus also provides External Exam Preparation (EEP) starting in Grade 12 and offers extra classes specifically for those aiming for overseas universities to help them prepare for Cambridge A-Level exams.,
What are the different types of continual assessments used to monitor a child's progress in the Primary level?,Curriculum & Academic,EYP,A child's progress is tracked through continual assessments consisting of performance tests and quizzes,
Is there any Technology Laboratories (ICT Labs)?,Facility & Operation,School Wide,"There are two Centers for digital literacy and specialized classes like website development, 3D Animation, and robotics.",
"During Ramadan fasting, is the timetable adjust?",Curriculum & Academic,EYP,"School adjust some activities during ramadan fasting, for example, students who are fasting can visit library and musola during lunch time and recess time.",
When my kid can play in the playgroung?,Facility & Operation,EYP,Students can use playground during recess and PE.,
How does Binus handle competition while maintaining emotional balance?,Vision & Values,School Wide,"Students are encouraged to participate in various academic and talent competitions (e.g., Topaz Olympiad, Writing competitions), while being supported by Guidance Counselors (GC) and psychologists to manage adaptation and readiness.",
How does Binus introduce local social norms gently?,Vision & Values,School Wide,Local culture is introduced through subjects like Pendidikan Pancasila and specific local culture appreciation components in the curriculum.,
Is there any supervisor during swimming lesson?,Facility & Operation,School Wide,"PE teacher, class teacher and helper will supervise by the pool during swimming lesson to ensure safety for all students.",
What curriculum is used at lower secondary level?,Vision & Values,Secondary,Binus implements a blend of the Cambridge International Curriculum and the Indonesian National Curriculum (Merdeka).,
Is there another religion celebration?,Vision & Values,School Wide,"In Binus, we try our best to facilitate all religion events and celebrations.",
What is the textbook cost for Early Years?,Facility & Operation,EYP,"Textbooks: Costs range from approximately IDR 383,000 (EY1) to IDR 460,000 (EY3)",
How is language development supported?,Curriculum & Academic,EYP,"Binus provides an immersive environment where English is encouraged daily, and students are expected to listen and understand simple instructions starting in EY1. Mandarin is introduced as an additional language starting at the Early Years level with basics like greetings and numbers, and Bahasa Indonesia is included as a core subject.",
How does Binus adapt its philosophy as children mature across levels?,Students Well-Being,School Wide,"The focus shifts from socialization and motor skills in Early Years to problem solving and critical thinking in Primary, and finally to industry-based learning experiences and a strong emphasis on international issues in Secondary.",
How do you handle illness or emergencies?,Students Well-Being,School Wide, Binus is equipped with a school clinic to handle medical needs.,
What are school hours for each level?,Facility & Operation,School Wide,"EY1: 08:30 – 11:50.
    ◦ EY2 & 3: 08:30 – 13:00.
    ◦ Primary: Starts at 07:15 or 07:45; dismissal at 13:50 or 14:00 (Fridays are half-days ending at 10:45 or 11:20).",
How predictable are long-term costs across levels?,Finance,School Wide,"Binus provides estimated prices for textbooks, uniforms, activity fees, and electives for each specific grade level. Additionally, 0% credit card installment programmes are available through various banks to help manage payments.",
What is industry-based learning?,Curriculum & Academic,Secondary,"Industry-based learning is one of the core curriculum focuses for the Secondary level (Middle and High School) at the school. These experiences are designed to give students a competitive edge in the global job market, ensuring they are ""ready for the world"" upon graduation.",
Are there mentoring or counseling services available?,Students Well-Being,School Wide,"Yes, Guidance Counselors (GC) are available to assist students with emotional adaptation, academic guidance, and university preparation.",
How do you keep learning interesting and meaningful?,Curriculum & Academic,School Wide,Learning is kept meaningful through interdisciplinary learning (IDP) that connects different subjects and industry-based learning experiences at the Secondary level,
How does Binus handle separation anxiety?,Students Well-Being,EYP,"For children struggling with adaptation, parents are required to be present for the first two weeks of school. Guidance Counselors (GC) are also available to accompany and support students during this transition period.",
"What curriculum is used for Early Years (play-based, Montessori, EYFS, etc.)?",Curriculum & Academic,EYP,"The Early Years curriculum is inquiry and activity-based. It focuses on transitioning children into a school environment through socialization, routine building, and developing self-management and social skills.",
How does Binus help students manage academic pressure?,Students Well-Being,School Wide,"Binus provides comprehensive external exam preparation (EEP) starting from Grade 12. For students aiming for top universities, extra classes are provided to help them prepare for the Cambridge A-Level Examinations.",
Is there a school nurse or health officer?,Facility & Operation,School Wide,"Binus facilities include a School Clinic, though the sources do not explicitly name a specific nurse or health officer role.",
"How does Binus balance academic excellence, character development, and well-being?",Vision & Values,School Wide,"Binus integrates Cambridge international standards with a strong focus on Socio-Emotional Learning, Values Education, and character building at all levels. While maintaining academic rigor, Binus explicitly includes ""Promotes well-being"" as a primary curriculum focus in the Early Years to ensure a balanced development.",
How do you work with parents when a child needs extra care?,Students Well-Being,EYP,"If a child requires extra support during their adaptation period, parents are asked to collaborate closely with Binus, which may include being present for the first two weeks and receiving assistance from Guidance Counselors.",
How does Binus avoid over-stimulation or excessive pressure on children?,Students Well-Being,School Wide,"While a specific policy isn't detailed, Binus integrates regular Recess and Lunch breaks into the daily schedule to allow students to recharge. In the Primary years, Class Teachers and Co-Teachers accompany students at all times, which allows for constant monitoring of student well-being.",
How are moral choices discussed at an age-appropriate level?,Vision & Values,Secondary,"Moral development is addressed through Values Education and Character Building programmes, as well as Agama (Religion) and Pendidikan Pancasila subjects which begin in EY1.",
How does Binus cultivate inner discipline and self-awareness in students?,Vision & Values,School Wide,"Discipline and self-awareness are cultivated through Socio-Emotional Learning (SEL), character building programs, and the ""Spirit Week"" initiatives.",
Can my kid order food from online using Gojek/Grab?,Facility & Operation,Secondary,Students can purchase meals from cafeteria or bring from home.,
How is campus security managed?,Facility & Operation,School Wide,Binus has 24 Hours security system. ,
is there any extra fee for electives?,Curriculum & Academic,School Wide,"Additional Costs for electives: 3D Clay requires an extra material fee of IDR 65,000 per session and specific uniforms or equipment are mandatory for classes like Wushu (uniform/shoes), Muay Thai (handwraps/gloves), and Fun Cooking (apron).",
Are enrichment programs available for high-achieving students?,Curriculum & Academic,Secondary,"High-achieving students are recognized through ""Moving Up & Recognition"" ceremonies. They are also encouraged to participate in external competitions like the TOPAZ Olympiad or the Bahasa Indonesia Writing Competition.",
What is the class size/capacity in Binus School Bekasi?,Teaching Quality,School Wide,"Binus maintains small class capacities—a maximum of 24 students in Early Years and Primary, and 28 in Secondary—to help teachers effectively manage diverse student personalities",
How are students guided in developing responsibility and independence?,Students Well-Being,School Wide,"Responsibility is fostered through a focus on self-management skills and Industry-Based Learning experiences at the Secondary level. In the Early Years, independence is encouraged through practical routines like toilet training.",
Can my kid bring their gadget?,Curriculum & Academic,School Wide,Binus incorporated Bring Your Own Device to primary-secondary students in facilitating their learning activities under teachers supervision and regulation.,
What specific topics are introduced in Mandarin language lessons for Early Years students?,Curriculum & Academic,EYP,"Mandarin lessons at this level are in the ""introduction stages"" and cover topics such as greetings, colours, numbers, and animals",
How is progress monitored during the first year?,Curriculum & Academic,EYP,"In Primary levels, progress is tracked through continual assessments (performance tests and quizzes), school diaries, and newsletters.",
How does Binus help students manage future-related anxiety?,Students Well-Being,Secondary,"Binus provides Guidance Counselors (GC) to help direct students toward their university pathways and career majors. Additionally, for those aiming for competitive international universities, extra classes are provided to prepare for the Cambridge A-Level Examinations.",
How many students in total?,Facility & Operation,School Wide,In total students are enrolled about 1000.,
How does Binus support students with different learning paces?,Curriculum & Academic,School Wide,Binus implementing LMS for all students so they can recall the material anytime and anywhere.,
How are Islamic values integrated into daily lessons and school culture?,Vision & Values,School Wide,"we have 5 religion study, moslem students have musola for them to pray",
What onboarding or orientation support is provided for newly arrived students?,Students Well-Being,School Wide,"Binus holds Parent and Student Orientation Days at the start of the academic year. For early childhood levels, parents are allowed to accompany their child during the first two weeks of adaptation.",
Are teachers trained specifically in early childhood development?,Teaching Quality,School Wide,"Yes, teachers have regular training, and they are graduated from good university",
How are cultural differences respected at this level?,Vision & Values,School Wide,The level respects diversity by celebrating various religious holidays and cultural weeks.,
Is wifi available for students?,Facility & Operation,School Wide,The campus is fully equipped with Wi-Fi connectivity and reticulated internet/AV cabling.,
Tell me more about the Grade 12 external exam prep,Curriculum & Academic,Secondary,The Grade 12 External Exam Preparation (EEP) is a comprehensive and structured program designed to equip students for the challenges of prestigious international examinations. Preparation starts at Grade 12 with the primary focus is on the Cambridge AS & A Level Examinations.,
What is standard fees electives?,Curriculum & Academic,School Wide,"Standard Electives: Most activities cost IDR 1,536,000 to IDR 1,550,000 per year",
How do you teach empathy and kindness in daily routines?,Vision & Values,School Wide,"Empathy and kindness are integrated into daily routines through socialisation and behavior guidance, particularly in the Early Years, to ensure students are ready for more formal schooling. The overall educational framework emphasizes well-being and social skills as primary curriculum focuses.",
is there music studio?,Facility & Operation,School Wide,"Binus has Music Studios: Rooms containing instruments such as keyboards, guitars, and traditional instruments",
How to pay in school cafeteria?,Facility & Operation,EYP,Transaction in school cafeteria is using Flazz integrated in students' id card.,
How are creativity and imagination protected alongside academics?,Curriculum & Academic,EYP,"The EY timetable includes dedicated periods for Visual Arts and Music. Students also have access to various creative electives such as Violin, Drawing Art, Art & Craft, Ballet, and Modern Dance.",
Is there any extracurricular activities in STEM and technology?,Curriculum & Academic,EYP,"Students can participate in Robotics (available from Early Years through High School), 3D Animation (Grades 4–8), E-Sports, Clevio Coding (Grades 4–6), and Digital Art",
How does Binus support university or career preparation?,Curriculum & Academic,Secondary,Binus provides External Exam Preparation (EEP) starting in Grade 12. Guidance Counselors assist students in selecting majors and navigating university application paths.,
"How long has Binus been operating, and what are its major milestones?",Vision & Values,School Wide,"While the broader BINUS organization has been operating for 43 years, the Bekasi campus specifically celebrated its 10-Year Anniversary in 2025.",
How does Binus help families plan long-term education pathways?,Curriculum & Academic,School Wide,Binus employs Guidance Counsellors (GC) to direct students toward university paths and provides preparation for Cambridge A Level Exams for those seeking to study abroad. There is also a focus on direct entry to BINUS Universities.,
"How does Binus encourage mindfulness, reflection, or calm focus in daily routines?",Students Well-Being,School Wide,Mindfulness and focus are encouraged through daily Circle Time in the Early Years curriculum and scheduled CARE sessions for both Early Years and Primary students.,
When is the CARE time?,Curriculum & Academic,School Wide,"CARE sessions are held every Friday, though the timing varies by level",
What is AP A stream?,Curriculum & Academic,Secondary,"AP A (Pure Science & Advanced Math) stream. This stream is designed for students focusing on engineering, physical sciences, or advanced mathematics. Stream Core Subjects: Chemistry, Physics, and Additional Mathematics. Syllabus Level: Physics and Chemistry follow the IGCSE/AS Level syllabus, while Additional Mathematics progresses to the A Level syllabus.",
"Are internships, projects, or community service programs available?",Curriculum & Academic,Secondary,"Binus offers Student Development Programme at the Secondary level to connect students with real-world applications. Students also engage in interdisciplinary learning (IDP) and research-based projects, which are central to Binus’s hybrid Cambridge-IB methodology. Community service is actively encouraged through the Student Council, which organizes events like Primary Student Council Community Service",
When is elective for Primary students?,Curriculum & Academic,EYP,Primary (Grades 1–6) electives: Held on Tuesdays or Thursdays from 14:00 to 15:00,
Is there any parking fee for parents?,Facility & Operation,School Wide,"Free Parking area provided for teachers, parents, and visitor.",
Tell me more about interdisciplinary learning (IDP) projects.,Curriculum & Academic,Secondary,"Interdisciplinary Learning (IDP) is a core component of the curriculum at the Secondary level, designed to provide students with a holistic and integrated educational experience
Here are the specific details regarding IDP projects based on the sources:
1. Integration of Cambridge and IB Methodologies
While the school follows the Cambridge (CAIE) curriculum for its subject depth, it adopts the IB methodology for its learning approach
. IDP projects are the practical application of this hybrid model, focusing on connecting different subjects rather than teaching them in isolation.
2. Focus and Purpose
The primary goals of these projects are to develop:
21st-Century Skills: Preparing students for modern global challenges.
Research and Critical Thinking: Moving beyond rote memorisation to inquiry-based learning.
Real-World Connections: Helping students understand how concepts from various fields (such as Science, Humanities, and Mathematics) overlap and interact.",
How is akhlaq (character and manners) taught and reinforced?,Vision & Values,School Wide," Character and manners are reinforced through the Values Education and Character Building curriculum focus. This is further supported by Agama (Religion) education for five religions, which begins in EY1, and daily routines that focus on socialisation and behavior guidance.",
How does the environment promote calm rather than constant stimulation?,Facility & Operation,School Wide,"Binus provides facilities such as sheltered walkways and ramp access for safe and orderly movement. The daily schedule also includes structured ""Circle Time"" and ""CARE Sessions"" to help students focus.",
How does Binus help students reflect on their actions rather than simply punish?,Students Well-Being,Secondary,"While specific disciplinary procedures are not detailed, Binus utilizes Student Led Conferences and a curriculum centered on character building to foster reflection. The use of CARE sessions in the secondary timetable also provides a dedicated space for student-teacher interaction and personal development.",
How are students supported when they lose motivation or confidence?,Students Well-Being,School Wide,Support is provided through Guidance Counselors (GC) who offer direction for students' academic and personal goals. The curriculum's focus on character building also aims to develop student resilience.,
Is transportation provided?,Facility & Operation,School Wide,"Binus provides designated carpooling areas in various locations (e.g., Vida, Wisma Asri, Summarecon); parents are directed to ACOP for details.",
What does a typical CARE session involve?,Curriculum & Academic,School Wide,"The core curricular focus of CARE time: The sessions are the practical application of the school's commitment to Socio-Emotional Learning (SEL), Values Education, and Character Building. In the Early Years, these sessions specifically aim to promote well-being and develop social skills.",
How does Binus prepare students for exams without causing burnout?,Curriculum & Academic,Secondary,"To manage the demands of Grade 12, Binus provides structured preparation (EEP) from the beginning of the year and offers extra classes for those who need help with study habits or language, aiming for a well-equipped and confident transition to exams.",
Is there any fieldtrip to foreign countries for secondary students?,Curriculum & Academic,Secondary,"Yes, we had some fielt trip program to some countries like China, Vietnam, and other countries depend on the curriculum or affective topics that the students are learning at that moment with their teachers.",
How does Binus communicate progress without focusing on grades?,Curriculum & Academic,School Wide,"Binus provides feedback through Student Led Conferences, where students take the lead in presenting their own learning journey. rogress is also communicated through continual assessments such as performance tests and quizzes, and parents stay informed via Binus diary, newsletters, and scheduled Parent Teacher Conferences (PTC) throughout the year",
How does Binus ensure consistency across different classes and levels?,Curriculum & Academic,School Wide,"Binus ensures consistency by following structured Cambridge International and National Curricula across all levels. Additionally, there is a uniformity admission test for the Secondary level to ensure students enter with a consistent baseline. Class sizes are also capped (maximum 24 students for Primary and 28 for Secondary) to maintain standards.",
"What pathways are available after upper secondary (university, vocational, international)?",Curriculum & Academic,Secondary,Graduates have a pathway for direct entry to BINUS Universities or are prepared for international universities worldwide via their Cambridge AS & A Level results.,
How does Binus handle parent feedback or concerns?,Teaching Quality,School Wide,Parents are welcome to address concern to respective class teachers or any staff according to the subject of the concern.,
What language(s) are used as the primary medium of instruction?,Curriculum & Academic,School Wide,"English is the primary medium of instruction. Students are encouraged to use English daily, though expectations are lower for the youngest learners in EY1.",
How does Binus detect emotional distress early?,Students Well-Being,EYP,"Early detection is facilitated during the enrolment process, where trial classes are observed by a psychologist to assess a student's readiness and well-being.",
"How does Binus ensure harmony between students, teachers, and parents?",Teaching Quality,School Wide,"Binus fosters harmony through multiple communication channels, including MS Teams for tracking assignments, school diaries for progress monitoring, and regular newsletters. Additionally, it facilitates structured interactions such as Parent Teacher Conferences (PTC) and Student Led Conferences, while Binus management and marketing teams discuss and address parental concerns brought forward by the Advisory Committee of Parents (ACOP).",
How are routines designed to give children a sense of safety and predictability?,Students Well-Being,School Wide,"Routines are a core focus of the EY1 level, which aims to introduce school routines and behaviors to children. Predictability is maintained through a consistent daily timetable that includes Circle Time, Recess, and subject-specific blocks.",
Is there any sex education in EYP?,Curriculum & Academic,EYP,Sexual education is taught from Early Years to secondary level with adjustment based on their level.,
Is there chrismast celebration?,Vision & Values,School Wide,Christmas celebration held before or after chrismast and invites parents.,
How long are parents permitted to accompany their children during the initial adaptation period in the Early Years?,Students Well-Being,EYP,Parents are allowed to stay with their child during the first two weeks of school to help with the transition,
Is there a parent community or parent committee?,Teaching Quality,School Wide,"Yes, there is a BINUSIAN Community and an PSG (Parent Support Group) which parents can approach regarding services like carpooling.",
What traditions or daily habits shape Binus’s atmosphere?,Vision & Values,School Wide,"The atmosphere is shaped by daily routines like Circle Time in the Early Years and Classroom Teacher Time at the start of the Primary day. Binus year is also defined by annual traditions such as Spirit Week, Literary Week, United Nations Day, and Independence Day celebrations, alongside various religious festivities.",
What is the core subject in Early Years?,Curriculum & Academic,EYP,"Core Subjects: Students study English Language, Mathematics, Science, Music, Visual Arts, Physical Education, Pendidikan Pancasila, Bahasa Indonesia, and Religion (Agama)",
How does Binus assess a child’s academic level when coming from a different curriculum?,Curriculum & Academic,School Wide,"For Secondary levels, students undergo Placement Assessments in English and Mathematics along with an interview. In Early Years, trial classes are used to observe a child's readiness.",
Where students can keep their book and belongings?,Facility & Operation,School Wide,Students are provided with lockers (secondary) for personal belongings and cabinets inside their class (EYP),
Can my kid have early holiday few days before?,Curriculum & Academic,School Wide,Parents are not allowed to request early holiday for their kids unless there is urgent matter or force majeur.,
Can my kid wearing hijab?,Students Well-Being,Secondary,"Binus encourage students to have same uniform without differentiate their religions, or nationalities.",
Can my kid bring their favorite toys?,Students Well-Being,EYP,Students are not allowed to bring any toys to school unless under teachers's instruction as part of the lesson.,
How does the curriculum support curiosity without overwhelming students?,Curriculum & Academic,School Wide,"Binus uses an inquiry-based approach and manages expectations by level; for example, EY1 students are only expected to ""listen and understand"" simple English instructions, and Mandarin is limited to basic introductory stages (greetings, colors, etc.) to prevent overwhelm.",
What are the specific benefits of the research-based IB approach?,Curriculum & Academic,Secondary,"Adopting a research-based IB approach provides students with several distinct advantages that go beyond traditional academic mastery. While the school uses the Cambridge curriculum for subject depth, it applies IB methodologies to foster a more holistic skill set.",
How does Binus teach students to feel safe expressing themselves?,Students Well-Being,School Wide,"Expression is encouraged from an early age; EY students are taught to express their needs, Primary students lead their own Student Led Conferences, and Secondary students participate in Young Leaders Summits.",
What professional development do teachers receive?,Teaching Quality,School Wide,Consistency across levels is ensured by using the Cambridge International Curriculum as a standard framework and maintaining the same core curriculum focuses (SEL and Character Building) from EY through Grade 12.,
Is there science lab for secondary students?,Facility & Operation,Secondary,"For secondary, there are some science lab: General science lab, Biology lab, physics lab, and chemistry lab.",
How does Binus manage transitions between levels?,Curriculum & Academic,School Wide,"Binus provides a Grade 7 and 10 Transition Programme, a Grade 6 Transition Camp, and EY1 specifically serves as a moments for socialization and readiness before kindergarten.",
What is the role of Form Teachers in CARE?,Teaching Quality,Secondary,"In the Secondary level (Grades 7–12), Form Teachers play a central role in the CARE programme by leading dedicated weekly sessions focused on students' non-academic development.",
What is AP C stream?,Curriculum & Academic,Secondary,"AP C (Social Sciences) stream. This stream focuses on understanding human society, geography, and the business world. Stream Core Subjects: Business, Sociology, and Geography. Syllabus Level: These subjects follow the IGCSE and AS Level syllabi.
",
What child protection policies are in place?,Students Well-Being,School Wide,"Teachers appear to be open to communication through several established channels. In Primary years, parents use MS Teams to follow up on assignments and monitor progress via a school diary.",
Is there any indoor sport place?,Facility & Operation,School Wide,"Binus has Multi-Purpose Sports Hall: A large, air-conditioned indoor space for various sports and school events.",
What are the school uniform costs?,Facility & Operation,School Wide,"Estimated Budget Ranges by Level
Early Years (EY): IDR 430,000 – 600,000 (Daily) and IDR 215,000 – 250,000 (PE).
Primary (Grades 1–6): IDR 480,000 – 645,000 (Daily) and IDR 250,000 – 300,000 (PE).
Secondary (Grades 7–9): IDR 365,000 – 455,000 (Daily) and IDR 300,000 – 500,000 (PE).
Secondary (Grades 10–12): IDR 365,000 – 465,000 (Daily) and IDR 300,000 – 500,000 (PE).",
How are peer relationships guided constructively?,Students Well-Being,EYP,"Peer relationships are guided through Socio-Emotional Learning (SEL) and collaborative activities such as Clubs, Electives, and the Student Council.",
How are reflection and self-assessment incorporated at this level?,Curriculum & Academic,School Wide,"Reflection is incorporated through modern teaching and assessment methods. Additionally, the Interdisciplinary Programme (IDP) at the secondary level encourages students to reflect on and connect knowledge across different subject areas.",
How does Binus support teachers’ emotional well-being?,Teaching Quality,School Wide,Binus organizes staff-specific well-being events such as the BINUS Olympics for Staff and provides scheduled Professional Development Days.,
How is discipline handled for young children?,Teaching Quality,EYP,"Discipline in the Early Years focuses on socialisation, behavior guidance, and routine building to prepare children for formal schooling. Binus emphasizes Socio-Emotional Learning and developing self-management skills as a core part of the curriculum.",
Is there swimming lesson?,Curriculum & Academic,School Wide,Swimming lesson available for EY to Secondary level students with some adjustment in schedule and procedure led by PE Teachers and under supervision the Principal.,
"How does Binus celebrate Islamic events (Ramadan, Eid, Maulid, etc.)?",Students Well-Being,School Wide,"Binus celebrates these events through activities like Buka Puasa Bersama (breaking the fast together) and observing holidays such as the Birth of Prophet Muhammad SAW, Eid Al-Fitr, Eid Al-Adha, and the Islamic New Year.",
Is there any expatriate teacher?,Curriculum & Academic,School Wide,"Yes, Binus hire some expatriate teachers to help students grow with differences.",
How does Binus respond when a child feels discouraged or left behind?,Students Well-Being,Secondary,"Binus provides a two-week adaptation period where parents can be present, and Guidance Counselors are available to provide support if a child is struggling to adapt.",
How does Binus support ethical decision-making as independence increases?,Vision & Values,School Wide,Ethical development is integrated into the secondary curriculum through Values Education and Character Building.,
"How do teachers notice when a child is quiet, anxious, or withdrawn?",Teaching Quality,School Wide,"While the sources do not explicitly state the specific methods for identifying these traits, they note that Class Teachers (CT) and Co-Teachers (CoT) accompany students at all times throughout Binus day, allowing for close observation",
How much freedom do young children have to explore at their own rhythm?,Curriculum & Academic,EYP,"The EY environment that encourages exploration. Specifically, EY1 is designed as a moment for socialization and readiness before students transition into kindergarten classes.",
How does Binus observe and document early development?,Curriculum & Academic,EYP,"Binus conducts Trial Classes observed by a psychologist to assess a child's readiness. Progress is monitored through a school diary, and parents receive regular newsletters regarding school activities.",
When is elective for Lower Secondary students?,Curriculum & Academic,Secondary,Secondary (Grades 7–9) electives : Scheduled Monday through Thursday from 15:10 to 15:50,
What kind of person do children usually become after several years here?,Vision & Values,School Wide,"Children are nurtured to become individuals who possess a love for life-long learning and are equipped with 21st-century skills such as research and critical thinking. They are expected to develop strong self-management and social skills, alongside a foundation of values and character built through socio-emotional learning.",
Are there quiet spaces for reflection or emotional regulation?,Facility & Operation,School Wide,Binus facilities include a Mushola (prayer room) for spiritual reflection and a Learning Resource Centre (Library) that provides a quiet environment for students.,
How often do parents receive progress reports?,Teaching Quality,School Wide,Parents will be invited to termly based PTC (Parent Teacher Conference) to discuss about student's progress.,
Are CCTV and access controls implemented?,Facility & Operation,School Wide,"CCTV is implemented on campus, including at the pool area. ",
When is elective for Early Years students?,Curriculum & Academic,EYP,Early Years (ECY 2–3) elective: Held on Wednesdays from 12:30 to 13:30,
How does Binus help young children integrate socially with local peers?,Students Well-Being,School Wide,The curriculum is designed to promote well-being and develop social skills through inquiry and activity-based learning.,
How do you prevent children from feeling pressure or fear?,Students Well-Being,School Wide,"Binus utilizes continual assessments, such as performance tests and quizzes, rather than relying solely on high-pressure final exams to track progress.",
"What types of ""Experiential Learning"" activities, such as specific local trips, are organized for Early Years students?",Curriculum & Academic,EYP,"There are learning journeys or field trips for EYP every semester, and each activity is designed to align with both the academic and affective aspects of the curriculum.",
How does Binus ensure strong foundations in literacy and numeracy?,Curriculum & Academic,EYP,Foundations are built through a structured English Language and Mathematics curriculum that begins in Early Years. ,
What makes this school different from other schools in the same area?,Vision & Values,School Wide,Binus is unique for adopting a hybrid approach that combines Cambridge subject mastery and research-based methodologies.,
What are the specific university destinations for graduates?,Facility & Operation,Secondary,"Public Universities (PTN): Universitas Indonesia (UI), Universitas Gadjah Mada (UGM), Institut Teknologi Bandung (ITB), Institut Teknologi Sepuluh Nopember (ITS), Universitas Padjadjaran (UNPAD), and Universitas Diponegoro (UNDIP).
Private Universities (PTS): BINUS University and BINUS University International
. The school curriculum specifically prioritises direct entry to these institutions
Australia: The University of New South Wales (UNSW), The University of Sydney, The University of Melbourne, The University of Queensland, The University of Adelaide, and The University of Western Australia
New Zealand: The University of Auckland
The Chinese University of Hong Kong
Canada: University of British Columbia (UBC)
United States: Purdue University
University College London (UCL), The University of Manchester, and University of Leeds",
How are classroom expectations explained to international students?,Teaching Quality,School Wide,Expectations regarding behavior and routines are gently introduced by teachers during the settling-in phase and Orientation.,
